,res,diameter,aniso_cell,area,c_perimeter,l,b
0,True,31.265458842060198,0.14641357709809966,0.9826670714774266,3.8010768397744963,1e-07,0.0
1,True,32.46927686991185,0.258884068182765,1.0171245352997464,3.966322963169329,1.0,0.0
2,True,31.265458842060198,0.14641357709809966,0.9826670714774266,3.8010768397744963,1e-07,1.0
3,True,32.46846379561423,0.2588413950144709,1.0171409635396338,3.9662950718943217,1.0,1.0
