{
        "face": {
                "prefered_perimeter": 3.8
        },
        "settings": {
                "geometry": "spherical",
                "height_axis": "z",
                "lumen_prefered_vol": 5700,
                "lumen_vol_elasticity": 0.0089,
                "threshold_length": 0.01,
                "rosette_kwargs": {
                        "threshold_length": 0.01,
                        "p_4": 0.01,
                        "p_5": 0.001
                },
                "barrier_radius": 13
        },
        "vert": {
                "barrier_elasticity": 0.08888888888888889,
                "delta_rho": 0
        },
        "metrics": {
                "diameter": 34.051976615463786,
                "c_perimeter": 3.955340622647697,
                "area": 1.0114162827140154,
                "aniso_cell": 0.25884349908805143
        }
}