{
        "face": {
                "prefered_perimeter": 3.8
        },
        "settings": {
                "geometry": "spherical",
                "height_axis": "z",
                "lumen_prefered_vol": 5700,
                "lumen_vol_elasticity": 0.0067,
                "threshold_length": 0.01,
                "rosette_kwargs": {
                        "threshold_length": 0.01,
                        "p_4": 0.01,
                        "p_5": 0.001
                },
                "barrier_radius": 13
        },
        "vert": {
                "barrier_elasticity": 0.35555555555555557,
                "delta_rho": 0
        },
        "metrics": {
                "diameter": 34.05175510399424,
                "c_perimeter": 3.9553038745295486,
                "area": 1.0114012675662865,
                "aniso_cell": 0.25884013896874913
        }
}