{
        "face": {
                "prefered_perimeter": 3.8
        },
        "settings": {
                "geometry": "spherical",
                "height_axis": "z",
                "lumen_prefered_vol": 5700,
                "lumen_vol_elasticity": 0.0012000000000000001,
                "threshold_length": 0.01,
                "rosette_kwargs": {
                        "threshold_length": 0.01,
                        "p_4": 0.01,
                        "p_5": 0.001
                },
                "barrier_radius": 13
        },
        "vert": {
                "barrier_elasticity": 0.35555555555555557,
                "delta_rho": 0
        },
        "metrics": {
                "diameter": 33.82742953188987,
                "c_perimeter": 3.9001659784816156,
                "area": 0.9835148090797416,
                "aniso_cell": 0.25634679132311733
        }
}