{
        "face": {
                "prefered_perimeter": 3.8
        },
        "settings": {
                "geometry": "spherical",
                "height_axis": "z",
                "lumen_prefered_vol": 5700,
                "lumen_vol_elasticity": 0.0045000000000000005,
                "threshold_length": 0.01,
                "rosette_kwargs": {
                        "threshold_length": 0.01,
                        "p_4": 0.01,
                        "p_5": 0.001
                },
                "barrier_radius": 13
        },
        "vert": {
                "barrier_elasticity": 0.17777777777777778,
                "delta_rho": 0
        },
        "metrics": {
                "diameter": 34.050778483006695,
                "c_perimeter": 3.9549591451735013,
                "area": 1.0113102805358878,
                "aniso_cell": 0.2589347664757122
        }
}