{
        "face": {
                "prefered_perimeter": 3.8
        },
        "settings": {
                "geometry": "spherical",
                "height_axis": "z",
                "lumen_prefered_vol": 5700,
                "lumen_vol_elasticity": 0.01,
                "threshold_length": 0.01,
                "rosette_kwargs": {
                        "threshold_length": 0.01,
                        "p_4": 0.01,
                        "p_5": 0.001
                },
                "barrier_radius": 13
        },
        "vert": {
                "barrier_elasticity": 0.4,
                "delta_rho": 0
        },
        "metrics": {
                "diameter": 34.05221188912343,
                "middle_dia": [
                        16.94357446020684,
                        16.947450501648568,
                        16.92620630035092,
                        16.865472472022983,
                        16.828985588817318,
                        16.891519662818922,
                        16.94479721689066,
                        17.07057007088562,
                        16.888065508288964,
                        17.08288086968959,
                        17.160514704037062,
                        16.903923591467645,
                        17.033639968909235,
                        16.900296369073857,
                        16.74256038573473,
                        17.182358882129105,
                        17.24784406167759,
                        17.092236010165355,
                        17.06125360331854,
                        17.12602661702861,
                        17.025735856350657,
                        16.748053296492493,
                        16.908913456234426,
                        16.847582584705066,
                        16.90328687884485,
                        16.929726902869625,
                        16.850975101695127,
                        17.253704149089522,
                        17.26163245880001,
                        17.20826140968174,
                        16.64201188084179,
                        16.744594440034618,
                        16.94749405570275,
                        17.02838326748856,
                        17.08870610211567,
                        17.048979975398634,
                        16.97125147110043,
                        17.04221978978501,
                        16.849389099601485,
                        16.884104436164986,
                        16.697316909701723,
                        16.754063346421123,
                        16.86383030811443,
                        16.710462870782727,
                        16.751446907287637,
                        16.853828304540222,
                        16.97376037007634,
                        16.88498428014509,
                        16.667053274462056,
                        16.791554326386027,
                        16.8334894664209,
                        16.904657687614463,
                        16.934887812342573,
                        16.862739336460805,
                        16.915892315804594,
                        16.86462276211097,
                        16.706429510476887,
                        16.8091046824213,
                        16.95437970068745,
                        17.201302127537744,
                        17.22478987830338,
                        16.92096460161059,
                        16.8384290692211,
                        17.09323035023712,
                        17.179929445787387,
                        16.89103613131935,
                        16.91377576902925,
                        16.994023248987865,
                        17.032523443243925,
                        16.97373520839817,
                        16.921282751380858,
                        17.222948591967576,
                        16.89558554371228,
                        16.791742125093357,
                        17.165704663421966,
                        16.83227130205248,
                        16.824851004123545,
                        17.12139168639652,
                        16.62123146370834,
                        17.06889651162669,
                        17.21886524290122,
                        16.735230594840264,
                        16.674570001745735,
                        16.9355508415057,
                        16.967001588578327,
                        16.961529429574735,
                        16.99568737153352,
                        16.934685786101507,
                        16.950735425822785,
                        16.88216419567728,
                        16.830418850182845,
                        16.841837152512888,
                        16.69908363454907,
                        16.645581138876537,
                        16.763602890723106,
                        16.810244101002358,
                        16.808219549275808,
                        16.89663070823191,
                        17.022018339430915,
                        17.050914166868285,
                        16.768347813586956,
                        16.866959328778286,
                        16.77462912999073,
                        16.86122496685941,
                        16.712228864859167,
                        16.64661843632243,
                        16.828651476245827,
                        16.731754696810622,
                        17.003636003210453,
                        17.092232837801937,
                        16.904044392492292,
                        16.98284082272031,
                        16.808238038388488,
                        16.76769913480687,
                        16.959319726452335,
                        17.141960611071863,
                        16.917176187475423,
                        16.88934307825663,
                        16.974166771219274,
                        16.95070481042956,
                        16.938280883733878,
                        16.82536745792699,
                        17.22873136983887,
                        17.21663576971738,
                        16.838785706115704,
                        16.804852405469163,
                        16.928321942626642,
                        16.901283172392027,
                        16.975622552672817,
                        16.863242686515758,
                        17.205595806238094,
                        16.862079617967346,
                        16.96702260044807,
                        16.9007170696915,
                        16.935008696113986,
                        16.880126008949002,
                        16.78657249549366,
                        16.749085467674078,
                        16.679999588693235,
                        16.709084556510355,
                        17.00257170300906,
                        17.152310850768476,
                        17.165192205385612,
                        16.996469256466323,
                        16.97790948382627,
                        17.0602877018329,
                        16.909252946639313,
                        16.91145171492716,
                        16.987566373486473,
                        16.964264506001246,
                        16.898856533525485,
                        17.04643775321372,
                        16.707256422636352,
                        17.106986666518704,
                        17.020463467912286,
                        16.89022705504199,
                        16.876461445789854,
                        16.841201882493507,
                        16.812802964032777,
                        16.904007232208503,
                        16.799672081639446,
                        16.805430437053392,
                        16.941531741205637,
                        16.80921495294379,
                        17.24763195730375,
                        17.19661369878167,
