{
        "l": 0.0001,
        "b": 0.13333333333333333,
        "diameter": 34.05221188912343,
        "middle_dia": [
                16.027527370574397,
                15.971933543727609,
                15.952536510604206,
                15.93667162594917,
                15.888263064803947,
                15.93612911404985,
                15.984583969727183,
                16.125795616857992,
                15.919960246662363,
                16.141442985293857,
                16.224957622993216,
                15.986773647522147,
                16.067720115023004,
                15.981753213215864,
                15.757100045773486,
                16.266595804026398,
                16.36492001665369,
                16.1426283271971,
                16.12583447871458,
                16.21591784780864,
                16.057154403208877,
                15.75948146005237,
                16.007253053684828,
                15.925426395079796,
                15.925778548048967,
                15.977683688656667,
                15.926369245554543,
                16.328904935332602,
                16.34431832724259,
                16.26963801788737,
                15.623902095614266,
                15.728773101013758,
                15.962526633383908,
                16.09396105416935,
                16.16148153872095,
                16.09408000201251,
                16.06754123521256,
                16.139021554511306,
                15.864647984565535,
                15.899699879681789,
                15.73342690725747,
                15.736799478805834,
                15.86788945088775,
                15.687896796155824,
                15.751215985147315,
                15.8865760363383,
                16.048582173285283,
                15.950889946093557,
                15.700694401445386,
                15.82130795833153,
                15.860443507788414,
                15.983446094332923,
                16.019884098553334,
                15.91500721605332,
                15.98830167140234,
                15.899521265040683,
                15.678852207432874,
                15.797593241109793,
                15.9993288881727,
                16.2952495625355,
                16.32160913841073,
                15.969899630919336,
                15.89029362104505,
                16.15119007128272,
                16.25319569319074,
                15.903624984269653,
                15.928404769738592,
                16.021941806310455,
                16.061064651301365,
                16.016550153444758,
                15.971853105898495,
                16.3003744808422,
                15.914417428884107,
                15.80093201810352,
                16.242012712471837,
                15.880263210858695,
                15.85232049337698,
                16.187043866559815,
                15.619633500103589,
                16.127053244233863,
                16.290609181364765,
                15.71449044648017,
                15.666871028368229,
                16.00077213770383,
                16.046951637253525,
                16.00646811242754,
                16.04008833390373,
                16.057938323896302,
                16.054471349422535,
                15.90566259706977,
                15.859523906170011,
                15.869801557050733,
                15.761569888153927,
                15.664618854581907,
                15.78917410912083,
                15.906098176158958,
                15.841683668253953,
                15.961119539904047,
                16.08697155401983,
                16.08443188261413,
                15.823811870419714,
                15.943498154105999,
                15.799315546070218,
                15.893903785268616,
                15.69160160727895,
                15.627968520427249,
                15.890533378244452,
                15.784906764815437,
                16.090106818729662,
                16.18097924320099,
                15.939941760714197,
                16.020228801182263,
                15.87490875914432,
                15.845281845089609,
                16.033378080337886,
                16.21537980468807,
                15.951540685433221,
                15.972005716120321,
                16.072872143437586,
                16.056464718276512,
                16.02905505570075,
                15.878199931132082,
                16.29524481918069,
                16.278865329186768,
                15.86608042683283,
                15.831957831977988,
                16.017601973422373,
                15.987472716971256,
                16.00081814325773,
                15.885957952771701,
                16.26991650430627,
                15.899583371864248,
                16.01210981534293,
                15.963192296517391,
                16.014222302120466,
                15.883329424645217,
                15.7720692113504,
                15.777428662750436,
                15.656944028604645,
                15.695579582661562,
                16.068132029282122,
                16.216184797915076,
                16.234078059571413,
                16.044704485767486,
                16.029588552662958,
                16.10484001234009,
                15.945961328647995,
                15.946600343550848,
                16.030561598388644,
                15.988315522866188,
                15.914820465807775,
                16.077249871631224,
                15.678171608012182,
                16.191036304560065,
                16.088472839145,
                15.924767849695474,
                15.899358297790391,
                15.872063351314457,
                15.874422136599698,
                15.954567877106092,
                15.833297617066066,
                15.826029554736493,
                15.997177095687158,
                15.841728367378973,
                16.32595032013314,
                16.279648804030277,
                16.162011935380693,
                15.83969083562626,
                15.723783917150127,
                16.142596777921696,
                16.229102003498486,
                15.88506662685667,
                15.901437348684743,
                15.976064632877367,
                15.994603491220948,
                15.868123352470908,
                15.656929399436413,
                15.65736466800862,
                16.00157983838216,
                16.115529583071346,
                16.301405152302202,
                16.241204419237047,
                16.07270835291958,
                16.054503051624575,
                16.13163552043919,
                16.012175209827117,
                15.815296772736,
                15.72092132964332,
                15.865946138020139,
                15.896805776446415,
                15.951142143750674,
                15.976223302258077,
                16.32806642273477,
                16.378020073963093,
                16.247562802312327,
                16.262640580704062,
                16.35069156955967,
                15.892069682787838,
                15.908937061878401,
                16.069519541021393,
                15.965055106031643,
                15.886625370723838,
                16.03784946182857,
                15.748151315424268,
                15.661027413999976
        ],
        "aniso_cell": 0.25473263780066907
}