{
        "l": 0.0012000000000000001,
        "b": 0.0,
        "diameter": 34.05221188912343,
        "middle_dia": [
                16.609728290871605,
                16.56501091739152,
                16.544603257098377,
                16.511436360692578,
                16.48281309939244,
                16.533090524817073,
                16.583392525232487,
                16.716901675694583,
                16.525164330872258,
                16.729705057264354,
                16.810972074689175,
                16.54922941379591,
                16.680113163178223,
                16.556919105558027,
                16.387962973737864,
                16.826427145805397,
                16.913368114180532,
                16.72671865688639,
                16.694701669948092,
                16.773310679661616,
                16.65034985209248,
                16.392476837519855,
                16.561020834390693,
                16.500089829258886,
                16.546458721951524,
                16.569271043019338,
                16.501602917957324,
                16.90183465599628,
                16.907144194233034,
                16.853168906499683,
                16.286405835759957,
                16.3835091174915,
                16.59138110047126,
                16.690708484609438,
                16.751204142637704,
                16.697756283833186,
                16.626773848376555,
                16.69420357585085,
                16.49386307708076,
                16.523518487292783,
                16.348451925191327,
                16.383145809359874,
                16.502979187562996,
                16.339402693229836,
                16.394746904354268,
                16.498849349223324,
                16.61931536242393,
                16.536079725757727,
                16.31957417033084,
                16.436761052212717,
                16.47488982394331,
                16.56843983621545,
                16.596368999577123,
                16.519262746153117,
                16.563815841233538,
                16.514557491959387,
                16.334926848588488,
                16.44873563393696,
                16.590305094178476,
                16.854263282126098,
                16.87936251155681,
                16.56435822678581,
                16.477635383169925,
                16.73654772545569,
                16.837339180040573,
                16.52898518315759,
                16.554518642179197,
                16.6353237476433,
                16.667944062422986,
                16.624715055075942,
                16.569370954286658,
                16.872360762497777,
                16.532248201537012,
                16.43255408198317,
                16.809084931111798,
                16.47167754186084,
                16.461399206763886,
                16.75795839581329,
                16.262405978501796,
                16.717850090588318,
                16.866387412512356,
                16.37443133299596,
                16.318682235136727,
                16.588873666504437,
                16.630345727887605,
                16.609987519354206,
                16.636350048081198,
                16.59384070547615,
                16.606833187948254,
                16.526106413054094,
                16.474003544785337,
                16.48380751959132,
                16.35671719996302,
                16.29404748796353,
                16.412527512877755,
                16.46025283189567,
                16.46200927656144,
                16.547755062094563,
                16.656857792473453,
                16.679791545991957,
                16.413403758468405,
                16.52480362716439,
                16.425508278278322,
                16.507838501446994,
                16.34067774757608,
                16.289629483983447,
                16.477122116109243,
                16.387470904755798,
                16.64868443922692,
                16.735862876627145,
                16.530090701052597,
                16.6093791796783,
                16.46882696600747,
                16.41790791731076,
                16.629361711977097,
                16.795558983737937,
                16.555170394502305,
                16.54596367917949,
                16.637353978805407,
                16.608173003159642,
                16.598525736366458,
                16.466935761459734,
                16.877031599969527,
                16.863057935697096,
                16.479687935496614,
                16.449534472300282,
                16.589809630985005,
                16.550652353060126,
                16.597650521357004,
                16.494523477106483,
                16.85238360918551,
                16.51245195619555,
                16.611203325103887,
                16.55536110206867,
                16.5990753943306,
                16.523083555991793,
                16.430388876138828,
                16.39499052605806,
                16.320617916338314,
                16.347329571302023,
                16.66712625670709,
                16.80216705676046,
                16.815733302896565,
                16.634407682808522,
                16.617281434240383,
                16.695022571000173,
                16.55559480118486,
                16.55234401362395,
                16.629331150070833,
                16.605265833713307,
                16.541228364518556,
                16.68727993801067,
                16.334734512496233,
                16.76477775024015,
                16.67515215411757,
                16.5286559910826,
                16.516261664749468,
                16.47781927723803,
                16.449826654117963,
                16.54559608270291,
                16.444180678659027,
                16.43739720305239,
                16.597618689944955,
                16.461933069487515,
                16.89766398197308,
                16.840298047081397,
                16.751606002941983,
                16.452042031185528,
                16.34508387120699,
                16.730352002280448,
                16.818438411109298,
                16.482669631029047,
                16.489644945353053,
                16.561892771704535,
                16.547576852919523,
                16.495933155939348,
                16.32121828519131,
                16.323963675736675,
                16.572349197956818,
                16.680218171878742,
                16.862861184126167,
                16.793431007840507,
                16.67001505619754,
                16.647799455603582,
                16.7243500349744,
                16.615015542977655,
                16.44956425392029,
                16.353876408069247,
                16.468984948786556,
                16.50663869866762,
                16.558675166193375,
                16.567352476637883,
                16.884541935504217,
                16.928984218589655,
                16.80966320200177,
                16.82451742314692,
                16.911255317049786,
                16.5072248674999,
                16.513223780918032,
                16.681239303720847,
                16.58628099958843,
                16.51598766427314,
                16.644747845540962,
                16.37781335627852,
                16.2901173391139
        ],
        "aniso_cell": 0.25634679132311733
}