{
        "face": {
                "prefered_perimeter": 3.8
        },
        "settings": {
                "geometry": "spherical",
                "height_axis": "z",
                "lumen_prefered_vol": 5700,
                "lumen_vol_elasticity": 0.0023,
                "threshold_length": 0.01,
                "rosette_kwargs": {
                        "threshold_length": 0.01,
                        "p_4": 0.01,
                        "p_5": 0.001
                },
                "barrier_radius": 13
        },
        "vert": {
                "barrier_elasticity": 0.4,
                "delta_rho": 0
        },
        "metrics": {
                "diameter": 34.05221188912343,
                "middle_dia": [
                        16.76493662150267,
                        16.73956498506426,
                        16.719512057838294,
                        16.676249314886466,
                        16.641996586754708,
                        16.69937530946736,
                        16.748414948831023,
                        16.877720782553734,
                        16.692085993835782,
                        16.892137152026404,
                        16.971981695004366,
                        16.71129537520337,
                        16.84517797646256,
                        16.716613147297124,
                        16.552862267344626,
                        16.990129692559467,
                        17.068639476308988,
                        16.892476788745356,
                        16.861591259558733,
                        16.936147861164706,
                        16.820491663537194,
                        16.55603333143791,
                        16.722384548765962,
                        16.66291544895822,
                        16.715591456335535,
                        16.735487181740645,
                        16.660835142802895,
                        17.062283152294153,
                        17.066588332748513,
                        17.014334409912735,
                        16.451598933804895,
                        16.551572092272743,
                        16.755101617977044,
                        16.846843955120175,
                        16.906252650837555,
                        16.858449031724252,
                        16.78870475631877,
                        16.850958466181424,
                        16.655481397612007,
                        16.68998915825342,
                        16.512896614223347,
                        16.5547264094224,
                        16.67196284901188,
                        16.509228156079196,
                        16.56202816190146,
                        16.662544952258852,
                        16.78318322511738,
                        16.69667493313992,
                        16.483983632889856,
                        16.600098270683787,
                        16.639151389626583,
                        16.723283481955562,
                        16.752193908625248,
                        16.676634279838478,
                        16.726367833948277,
                        16.67390582666373,
                        16.508559507157887,
                        16.620926960729044,
                        16.753490282887075,
                        17.009974861167695,
                        17.03643499028749,
                        16.72914706477491,
                        16.641503706539915,
                        16.902981522789286,
                        16.996857107295938,
                        16.695662022599674,
                        16.718161458069865,
                        16.800001300419233,
                        16.836539578481315,
                        16.788052699159685,
                        16.731128183463962,
                        17.035907031409277,
                        16.699021819552613,
                        16.598241518735293,
                        16.971324865113377,
                        16.63506191458016,
                        16.627753840916952,
                        16.924640647988713,
                        16.428253451758398,
                        16.878528995979963,
                        17.031961108432473,
                        16.543654083011894,
                        16.48660112738767,
                        16.751631079865366,
                        16.789115433880866,
                        16.771404992184024,
                        16.800638906564004,
                        16.749387573956945,
                        16.763014360128707,
                        16.692899178681543,
                        16.637562329337474,
                        16.643209593729082,
                        16.514594830759393,
                        16.455942036184624,
                        16.572791554011616,
                        16.623721816209887,
                        16.62371614284444,
                        16.70853037582235,
                        16.82253462934197,
                        16.847072805459366,
                        16.58009392905681,
                        16.682137077969013,
                        16.587868172848534,
                        16.66897484759241,
                        16.512144373333296,
                        16.457177994204198,
                        16.636979619073042,
                        16.550916309112345,
                        16.807052313434248,
                        16.902197683408342,
                        16.70060840338981,
                        16.779880725382725,
                        16.623576216837076,
                        16.58227286265551,
                        16.783035031749094,
                        16.955755898775106,
                        16.722872482001442,
                        16.705810643961545,
                        16.79214261679011,
                        16.76701167647683,
                        16.753756795740358,
                        16.629376002504884,
                        17.036419119935154,
                        17.023050810048584,
                        16.643956841580955,
                        16.612560861896462,
                        16.74477475052916,
                        16.71325960351899,
                        16.773244566807847,
                        16.66589958607712,
                        17.014300570120778,
                        16.67258782950902,
                        16.772574224734434,
                        16.713128234531972,
                        16.75488248443863,
                        16.690096139821346,
                        16.597125510139787,
                        16.559549546421394,
                        16.490056790629353,
                        16.520013813534703,
                        16.82368975727971,
                        16.96358001583861,
                        16.978953347417004,
                        16.797188162334393,
                        16.77919291905218,
                        16.85944574775398,
                        16.71735835409963,
                        16.71745999218239,
                        16.79125487790623,
                        16.768292950313654,
                        16.703614492889642,
                        16.854221935727303,
                        16.508007620583907,
                        16.92436063122734,
                        16.835330563862843,
                        16.691587019038753,
                        16.680800684332894,
                        16.639468980720515,
                        16.61495031826451,
                        16.710714543568333,
                        16.60460720638061,
                        16.60701302069206,
                        16.76090297678486,
                        16.62300152735764,
                        17.058013228695994,
                        17.003511409013626,
