{
        "face": {
                "prefered_perimeter": 3.8
        },
        "settings": {
                "geometry": "spherical",
                "height_axis": "z",
                "lumen_prefered_vol": 5700,
                "lumen_vol_elasticity": 0.005600000000000001,
                "threshold_length": 0.01,
                "rosette_kwargs": {
                        "threshold_length": 0.01,
                        "p_4": 0.01,
                        "p_5": 0.001
                },
                "barrier_radius": 13
        },
        "vert": {
                "barrier_elasticity": 0.08888888888888889,
                "delta_rho": 0
        },
        "metrics": {
                "diameter": 34.4106663669436,
                "c_perimeter": 4.144392864726363,
                "area": 0.9730210380669332,
                "aniso_cell": 0.2705514520699995
        }
}