{
        "face": {
                "prefered_perimeter": 3.8
        },
        "settings": {
                "geometry": "spherical",
                "height_axis": "z",
                "lumen_prefered_vol": 5700,
                "lumen_vol_elasticity": 0.0078000000000000005,
                "threshold_length": 0.01,
                "rosette_kwargs": {
                        "threshold_length": 0.01,
                        "p_4": 0.01,
                        "p_5": 0.001
                },
                "barrier_radius": 13
        },
        "vert": {
                "barrier_elasticity": 0.3111111111111111,
                "delta_rho": 0
        },
        "metrics": {
                "diameter": 34.443167716062504,
                "c_perimeter": 4.159301888826688,
                "area": 0.9776858521287498,
                "aniso_cell": 0.2717139991614829
        }
}