{
        "face": {
                "prefered_perimeter": 3.8
        },
        "settings": {
                "geometry": "spherical",
                "height_axis": "z",
                "lumen_prefered_vol": 5700,
                "lumen_vol_elasticity": 0.0023,
                "threshold_length": 0.01,
                "rosette_kwargs": {
                        "threshold_length": 0.01,
                        "p_4": 0.01,
                        "p_5": 0.001
                },
                "barrier_radius": 13
        },
        "vert": {
                "barrier_elasticity": 0.17777777777777778,
                "delta_rho": 0
        },
        "metrics": {
                "diameter": 34.219051956331676,
                "c_perimeter": 4.076447950405052,
                "area": 0.9435097913846495,
                "aniso_cell": 0.2692367667190514
        }
}