{
        "face": {
                "prefered_perimeter": 3.8
        },
        "settings": {
                "geometry": "spherical",
                "height_axis": "z",
                "lumen_prefered_vol": 5700,
                "lumen_vol_elasticity": 0.005600000000000001,
                "threshold_length": 0.01,
                "rosette_kwargs": {
                        "threshold_length": 0.01,
                        "p_4": 0.01,
                        "p_5": 0.001
                },
                "barrier_radius": 13
        },
        "vert": {
                "barrier_elasticity": 0.35555555555555557,
                "delta_rho": 0
        },
        "metrics": {
                "diameter": 34.16631476114456,
                "c_perimeter": 4.139551333873808,
                "area": 0.9795381305008133,
                "aniso_cell": 0.2678659218612978
        }
}