{
        "face": {
                "prefered_perimeter": 3.8
        },
        "settings": {
                "geometry": "spherical",
                "height_axis": "z",
                "lumen_prefered_vol": 5700,
                "lumen_vol_elasticity": 0.005600000000000001,
                "threshold_length": 0.01,
                "rosette_kwargs": {
                        "threshold_length": 0.01,
                        "p_4": 0.01,
                        "p_5": 0.001
                },
                "barrier_radius": 13
        },
        "vert": {
                "barrier_elasticity": 0.13333333333333333,
                "delta_rho": 0
        },
        "metrics": {
                "diameter": 34.245978549607884,
                "c_perimeter": 4.140170564378955,
                "area": 0.9772086778496675,
                "aniso_cell": 0.2687047579879202
        }
}