{
        "face": {
                "prefered_perimeter": 3.8
        },
        "settings": {
                "geometry": "spherical",
                "height_axis": "z",
                "lumen_prefered_vol": 5700,
                "lumen_vol_elasticity": 0.0067,
                "threshold_length": 0.01,
                "rosette_kwargs": {
                        "threshold_length": 0.01,
                        "p_4": 0.01,
                        "p_5": 0.001
                },
                "barrier_radius": 13
        },
        "vert": {
                "barrier_elasticity": 0.17777777777777778,
                "delta_rho": 0
        },
        "metrics": {
                "diameter": 34.46433681030878,
                "c_perimeter": 4.151583739763076,
                "area": 0.9732378011277086,
                "aniso_cell": 0.2716748484571152
        }
}