{
        "face": {
                "prefered_perimeter": 3.8
        },
        "settings": {
                "geometry": "spherical",
                "height_axis": "z",
                "lumen_prefered_vol": 5700,
                "lumen_vol_elasticity": 0.0023,
                "threshold_length": 0.01,
                "rosette_kwargs": {
                        "threshold_length": 0.01,
                        "p_4": 0.01,
                        "p_5": 0.001
                },
                "barrier_radius": 13
        },
        "vert": {
                "barrier_elasticity": 0.3111111111111111,
                "delta_rho": 0
        },
        "metrics": {
                "diameter": 34.225115555120986,
                "c_perimeter": 4.073315330692401,
                "area": 0.9407365140221562,
                "aniso_cell": 0.2696694510527776
        }
}