{
        "face": {
                "prefered_perimeter": 3.8
        },
        "settings": {
                "geometry": "spherical",
                "height_axis": "z",
                "lumen_prefered_vol": 5700,
                "lumen_vol_elasticity": 0.0023,
                "threshold_length": 0.01,
                "rosette_kwargs": {
                        "threshold_length": 0.01,
                        "p_4": 0.01,
                        "p_5": 0.001
                },
                "barrier_radius": 13
        },
        "vert": {
                "barrier_elasticity": 0.13333333333333333,
                "delta_rho": 0
        },
        "metrics": {
                "diameter": 34.24287332064677,
                "c_perimeter": 4.071662157568918,
                "area": 0.9394311278229086,
                "aniso_cell": 0.26948792788589176
        }
}