{
        "face": {
                "prefered_perimeter": 3.8
        },
        "settings": {
                "geometry": "spherical",
                "height_axis": "z",
                "lumen_prefered_vol": 5700,
                "lumen_vol_elasticity": 0.0089,
                "threshold_length": 0.01,
                "rosette_kwargs": {
                        "threshold_length": 0.01,
                        "p_4": 0.01,
                        "p_5": 0.001
                },
                "barrier_radius": 13
        },
        "vert": {
                "barrier_elasticity": 0.044444444444444446,
                "delta_rho": 0
        },
        "metrics": {
                "diameter": 34.415067193880425,
                "c_perimeter": 4.161664288489664,
                "area": 0.9798376272758388,
                "aniso_cell": 0.2716410551138617
        }
}