{
        "face": {
                "prefered_perimeter": 3.8
        },
        "settings": {
                "geometry": "spherical",
                "height_axis": "z",
                "lumen_prefered_vol": 5700,
                "lumen_vol_elasticity": 0.0078000000000000005,
                "threshold_length": 0.01,
                "rosette_kwargs": {
                        "threshold_length": 0.01,
                        "p_4": 0.01,
                        "p_5": 0.001
                },
                "barrier_radius": 13
        },
        "vert": {
                "barrier_elasticity": 0.4,
                "delta_rho": 0
        },
        "metrics": {
                "diameter": 34.43221354175228,
                "c_perimeter": 4.1577651024821245,
                "area": 0.9774900040168295,
                "aniso_cell": 0.2711935935537091
        }
}