{
        "face": {
                "prefered_perimeter": 3.8
        },
        "settings": {
                "geometry": "spherical",
                "height_axis": "z",
                "lumen_prefered_vol": 5700,
                "lumen_vol_elasticity": 0.0045000000000000005,
                "threshold_length": 0.01,
                "rosette_kwargs": {
                        "threshold_length": 0.01,
                        "p_4": 0.01,
                        "p_5": 0.001
                },
                "barrier_radius": 13
        },
        "vert": {
                "barrier_elasticity": 0.26666666666666666,
                "delta_rho": 0
        },
        "metrics": {
                "diameter": 34.32546258633084,
                "c_perimeter": 4.122067056143279,
                "area": 0.9636638877330425,
                "aniso_cell": 0.27053581893276735
        }
}