{
        "face": {
                "prefered_perimeter": 3.8
        },
        "settings": {
                "geometry": "spherical",
                "height_axis": "z",
                "lumen_prefered_vol": 5700,
                "lumen_vol_elasticity": 0.0078000000000000005,
                "threshold_length": 0.01,
                "rosette_kwargs": {
                        "threshold_length": 0.01,
                        "p_4": 0.01,
                        "p_5": 0.001
                },
                "barrier_radius": 13
        },
        "vert": {
                "barrier_elasticity": 0.17777777777777778,
                "delta_rho": 0
        },
        "metrics": {
                "diameter": 34.48314913253009,
                "c_perimeter": 4.157785825486832,
                "area": 0.9747824261753972,
                "aniso_cell": 0.2715788763189323
        }
}