{
        "face": {
                "prefered_perimeter": 3.8
        },
        "settings": {
                "geometry": "spherical",
                "height_axis": "z",
                "lumen_prefered_vol": 5700,
                "lumen_vol_elasticity": 0.0023,
                "threshold_length": 0.01,
                "rosette_kwargs": {
                        "threshold_length": 0.01,
                        "p_4": 0.01,
                        "p_5": 0.001
                },
                "barrier_radius": 13
        },
        "vert": {
                "barrier_elasticity": 0.08888888888888889,
                "delta_rho": 0
        },
        "metrics": {
                "diameter": 34.204843743991404,
                "c_perimeter": 4.075228062145758,
                "area": 0.940975958149755,
                "aniso_cell": 0.2698717447476098
        }
}